{
  "precision": 0.8571428571428571,
  "recall": 1.0,
  "f1": 0.9230769230769231,
  "val_accuracy": 0.9166666666666666,
  "best_val_loss": 0.0811331668052541,
  "train_images": 24,
  "val_images": 12
}